Model,NQ Exact Match,NQ F1,TriviaQA Exact Match,TriviaQA F1,GPQA Exact Match,GPQA F1,HotpotQA Exact Match,HotpotQA F1
BM25,0.192,0.277,0.406,0.474,0.020089,0.04524,0.162,0.239
PQ 5,0.2075,0.291,0.422,0.495,0.0201,0.0445,0.148,0.219
Ours,0.265,0.361,0.533,0.604,0.02008,0.0452,0.182,0.2729